Model,w_idx,RX_time(ms),TX_time(ms),GPU_Active(ms),GPU_Idle(ms),1_Iter_time(ms),Total_time(ms),GPU_Memory(MB)
cifar10_alexnet_async_batch128,1,0,0,0,0,0,0,1413.0
cifar10_alexnet_async_batch128,2,0,0,0,0,0,0,1412.9375
cifar10_alexnet_async_batch256,1,0,0,0,0,0,0,0
cifar10_alexnet_async_batch256,2,0,0,0,0,0,0,0
cifar10_alexnet_async_batch32,1,0,0,0,0,0,0,0
cifar10_alexnet_async_batch32,2,0,0,0,0,0,0,0
cifar10_alexnet_async_batch512,1,0,0,0,0,0,0,0
cifar10_alexnet_async_batch512,2,0,0,0,0,0,0,0
cifar10_alexnet_async_batch64,1,0,0,0,0,0,0,0
cifar10_alexnet_async_batch64,2,0,0,0,0,0,0,0
cifar10_alexnet_async_dataFormat,1,0,0,0,0,0,0,0
cifar10_alexnet_async_dataFormat,2,0,0,0,0,0,0,0
cifar10_alexnet_async_optMomentum,1,0,0,0,0,0,0,0
cifar10_alexnet_async_optMomentum,2,0,0,0,0,0,0,0
cifar10_alexnet_async_optRmsprop,1,0,0,0,0,0,0,1033.0
cifar10_alexnet_async_optRmsprop,2,0,0,0,0,0,0,1032.9375
cifar10_alexnet_async_use_fp16,1,0,0,0,0,0,0,0
cifar10_alexnet_async_use_fp16,2,0,0,0,0,0,0,0
cifar10_alexnet_async_winograd,1,0,0,0,0,0,0,0
cifar10_alexnet_async_winograd,2,0,0,0,0,0,0,0
cifar10_alexnet_async_xla,1,0,0,0,0,0,0,0
cifar10_alexnet_async_xla,2,0,0,0,0,0,0,0
cifar10_alexnet_sync_batch128,1,0,0,0,0,0,0,0
cifar10_alexnet_sync_batch128,2,0,0,0,0,0,0,0
cifar10_alexnet_sync_batch256,1,0,0,0,0,0,0,2191.0
cifar10_alexnet_sync_batch256,2,0,0,0,0,0,0,2190.9375
cifar10_alexnet_sync_batch32,1,0,0,0,0,0,0,0
cifar10_alexnet_sync_batch32,2,0,0,0,0,0,0,0
cifar10_alexnet_sync_batch512,1,0,0,0,0,0,0,0
cifar10_alexnet_sync_batch512,2,0,0,0,0,0,0,0
cifar10_alexnet_sync_batch64,1,0,0,0,0,0,0,0
cifar10_alexnet_sync_batch64,2,0,0,0,0,0,0,0
cifar10_alexnet_sync_dataFormat,1,0,0,0,0,0,0,0
cifar10_alexnet_sync_dataFormat,2,0,0,0,0,0,0,0
cifar10_alexnet_sync_optMomentum,1,0,0,0,0,0,0,0
cifar10_alexnet_sync_optMomentum,2,0,0,0,0,0,0,0
cifar10_alexnet_sync_optRmsprop,1,0,0,0,0,0,0,0
cifar10_alexnet_sync_optRmsprop,2,0,0,0,0,0,0,0
cifar10_alexnet_sync_use_fp16,1,0,0,0,0,0,0,0
cifar10_alexnet_sync_use_fp16,2,0,0,0,0,0,0,0
cifar10_alexnet_sync_winograd,1,0,0,0,0,0,0,0
cifar10_alexnet_sync_winograd,2,0,0,0,0,0,0,0
cifar10_alexnet_sync_xla,1,0,0,0,0,0,0,0
cifar10_alexnet_sync_xla,2,0,0,0,0,0,0,0
cifar10_densenet100_k12_async_batch128,1,0,0,0,0,0,0,17093.0
cifar10_densenet100_k12_async_batch128,2,0,0,0,0,0,0,17092.9375
cifar10_densenet100_k12_async_batch256,1,0,0,0,0,0,0,0
cifar10_densenet100_k12_async_batch256,2,0,0,0,0,0,0,0
cifar10_densenet100_k12_async_batch32,1,0,0,0,0,0,0,0
cifar10_densenet100_k12_async_batch32,2,0,0,0,0,0,0,0
cifar10_densenet100_k12_async_batch64,1,0,0,0,0,0,0,0
cifar10_densenet100_k12_async_batch64,2,0,0,0,0,0,0,0
cifar10_densenet100_k12_async_dataFormat,1,0,0,0,0,0,0,0
cifar10_densenet100_k12_async_dataFormat,2,0,0,0,0,0,0,0
cifar10_densenet100_k12_async_optMomentum,1,0,0,0,0,0,0,0
cifar10_densenet100_k12_async_optMomentum,2,0,0,0,0,0,0,0
cifar10_densenet100_k12_async_optRmsprop,1,0,0,0,0,0,0,0
cifar10_densenet100_k12_async_optRmsprop,2,0,0,0,0,0,0,0
cifar10_densenet100_k12_async_use_fp16,1,0,0,0,0,0,0,5221.0
cifar10_densenet100_k12_async_use_fp16,2,0,0,0,0,0,0,5220.9375
cifar10_densenet100_k12_async_winograd,1,0,0,0,0,0,0,8837.0
cifar10_densenet100_k12_async_winograd,2,0,0,0,0,0,0,8836.9375
cifar10_densenet100_k12_async_xla,1,0,0,0,0,0,0,0
cifar10_densenet100_k12_async_xla,2,0,0,0,0,0,0,0
cifar10_densenet100_k12_sync_batch128,1,0,0,0,0,0,0,0
cifar10_densenet100_k12_sync_batch128,2,0,0,0,0,0,0,0
cifar10_densenet100_k12_sync_batch256,1,0,0,0,0,0,0,0
cifar10_densenet100_k12_sync_batch256,2,0,0,0,0,0,0,0
cifar10_densenet100_k12_sync_batch32,1,0,0,0,0,0,0,0
cifar10_densenet100_k12_sync_batch32,2,0,0,0,0,0,0,0
cifar10_densenet100_k12_sync_batch64,1,0,0,0,0,0,0,0
cifar10_densenet100_k12_sync_batch64,2,0,0,0,0,0,0,0
cifar10_densenet100_k12_sync_dataFormat,1,0,0,0,0,0,0,0
cifar10_densenet100_k12_sync_dataFormat,2,0,0,0,0,0,0,0
cifar10_densenet100_k12_sync_optMomentum,1,0,0,0,0,0,0,0
cifar10_densenet100_k12_sync_optMomentum,2,0,0,0,0,0,0,0
cifar10_densenet100_k12_sync_optRmsprop,1,0,0,0,0,0,0,0
cifar10_densenet100_k12_sync_optRmsprop,2,0,0,0,0,0,0,0
cifar10_densenet100_k12_sync_use_fp16,1,0,0,0,0,0,0,0
cifar10_densenet100_k12_sync_use_fp16,2,0,0,0,0,0,0,0
cifar10_densenet100_k12_sync_winograd,1,0,0,0,0,0,0,0
cifar10_densenet100_k12_sync_winograd,2,0,0,0,0,0,0,0
cifar10_densenet100_k12_sync_xla,1,0,0,0,0,0,0,0
cifar10_densenet100_k12_sync_xla,2,0,0,0,0,0,0,0
cifar10_densenet100_k24_async_batch128,1,0,0,0,0,0,0,0
cifar10_densenet100_k24_async_batch128,2,0,0,0,0,0,0,0
cifar10_densenet100_k24_async_batch32,1,0,0,0,0,0,0,0
cifar10_densenet100_k24_async_batch32,2,0,0,0,0,0,0,0
cifar10_densenet100_k24_async_batch64,1,0,0,0,0,0,0,0
cifar10_densenet100_k24_async_batch64,2,0,0,0,0,0,0,0
cifar10_densenet100_k24_async_dataFormat,1,0,0,0,0,0,0,0
cifar10_densenet100_k24_async_dataFormat,2,0,0,0,0,0,0,0
cifar10_densenet100_k24_async_optMomentum,1,0,0,0,0,0,0,0
cifar10_densenet100_k24_async_optMomentum,2,0,0,0,0,0,0,0
cifar10_densenet100_k24_async_optRmsprop,1,0,0,0,0,0,0,0
cifar10_densenet100_k24_async_optRmsprop,2,0,0,0,0,0,0,0
cifar10_densenet100_k24_async_use_fp16,1,0,0,0,0,0,0,8837.0
cifar10_densenet100_k24_async_use_fp16,2,0,0,0,0,0,0,8836.9375
cifar10_densenet100_k24_async_winograd,1,0,0,0,0,0,0,0
cifar10_densenet100_k24_async_winograd,2,0,0,0,0,0,0,0
cifar10_densenet100_k24_async_xla,1,0,0,0,0,0,0,17029.0
cifar10_densenet100_k24_async_xla,2,0,0,0,0,0,0,17028.9375
cifar10_densenet100_k24_sync_batch128,1,0,0,0,0,0,0,0
cifar10_densenet100_k24_sync_batch128,2,0,0,0,0,0,0,0
cifar10_densenet100_k24_sync_batch32,1,0,0,0,0,0,0,0
cifar10_densenet100_k24_sync_batch32,2,0,0,0,0,0,0,0
cifar10_densenet100_k24_sync_batch64,1,0,0,0,0,0,0,0
cifar10_densenet100_k24_sync_batch64,2,0,0,0,0,0,0,0
cifar10_densenet100_k24_sync_dataFormat,1,0,0,0,0,0,0,17029.0
cifar10_densenet100_k24_sync_dataFormat,2,0,0,0,0,0,0,17028.9375
cifar10_densenet100_k24_sync_optMomentum,1,0,0,0,0,0,0,0
cifar10_densenet100_k24_sync_optMomentum,2,0,0,0,0,0,0,0
cifar10_densenet100_k24_sync_optRmsprop,1,0,0,0,0,0,0,0
cifar10_densenet100_k24_sync_optRmsprop,2,0,0,0,0,0,0,0
cifar10_densenet100_k24_sync_use_fp16,1,0,0,0,0,0,0,0
cifar10_densenet100_k24_sync_use_fp16,2,0,0,0,0,0,0,0
cifar10_densenet100_k24_sync_winograd,1,0,0,0,0,0,0,0
cifar10_densenet100_k24_sync_winograd,2,0,0,0,0,0,0,0
cifar10_densenet100_k24_sync_xla,1,0,0,0,0,0,0,0
cifar10_densenet100_k24_sync_xla,2,0,0,0,0,0,0,0
cifar10_densenet40_k12_async_batch128,1,0,0,0,0,0,0,0
cifar10_densenet40_k12_async_batch128,2,0,0,0,0,0,0,0
cifar10_densenet40_k12_async_batch256,1,0,0,0,0,0,0,0
cifar10_densenet40_k12_async_batch256,2,0,0,0,0,0,0,0
cifar10_densenet40_k12_async_batch32,1,0,0,0,0,0,0,0
cifar10_densenet40_k12_async_batch32,2,0,0,0,0,0,0,0
cifar10_densenet40_k12_async_batch512,1,0,0,0,0,0,0,0
cifar10_densenet40_k12_async_batch512,2,0,0,0,0,0,0,0
cifar10_densenet40_k12_async_batch64,1,0,0,0,0,0,0,0
cifar10_densenet40_k12_async_batch64,2,0,0,0,0,0,0,0
cifar10_densenet40_k12_async_dataFormat,1,0,0,0,0,0,0,1701.0
cifar10_densenet40_k12_async_dataFormat,2,0,0,0,0,0,0,1700.9375
cifar10_densenet40_k12_async_optMomentum,1,0,0,0,0,0,0,0
cifar10_densenet40_k12_async_optMomentum,2,0,0,0,0,0,0,0
cifar10_densenet40_k12_async_optRmsprop,1,0,0,0,0,0,0,0
cifar10_densenet40_k12_async_optRmsprop,2,0,0,0,0,0,0,0
cifar10_densenet40_k12_async_use_fp16,1,0,0,0,0,0,0,0
cifar10_densenet40_k12_async_use_fp16,2,0,0,0,0,0,0,0
cifar10_densenet40_k12_async_winograd,1,0,0,0,0,0,0,0
cifar10_densenet40_k12_async_winograd,2,0,0,0,0,0,0,0
cifar10_densenet40_k12_async_xla,1,0,0,0,0,0,0,1701.0
cifar10_densenet40_k12_async_xla,2,0,0,0,0,0,0,1700.9375
cifar10_densenet40_k12_sync_batch128,1,0,0,0,0,0,0,0
cifar10_densenet40_k12_sync_batch128,2,0,0,0,0,0,0,0
cifar10_densenet40_k12_sync_batch256,1,0,0,0,0,0,0,0
cifar10_densenet40_k12_sync_batch256,2,0,0,0,0,0,0,0
cifar10_densenet40_k12_sync_batch32,1,0,0,0,0,0,0,1173.0
cifar10_densenet40_k12_sync_batch32,2,0,0,0,0,0,0,1172.9375
cifar10_densenet40_k12_sync_batch512,1,0,0,0,0,0,0,0
cifar10_densenet40_k12_sync_batch512,2,0,0,0,0,0,0,0
cifar10_densenet40_k12_sync_batch64,1,0,0,0,0,0,0,0
cifar10_densenet40_k12_sync_batch64,2,0,0,0,0,0,0,0
cifar10_densenet40_k12_sync_dataFormat,1,0,0,0,0,0,0,0
cifar10_densenet40_k12_sync_dataFormat,2,0,0,0,0,0,0,0
cifar10_densenet40_k12_sync_optMomentum,1,0,0,0,0,0,0,0
cifar10_densenet40_k12_sync_optMomentum,2,0,0,0,0,0,0,0
cifar10_densenet40_k12_sync_optRmsprop,1,0,0,0,0,0,0,0
cifar10_densenet40_k12_sync_optRmsprop,2,0,0,0,0,0,0,0
cifar10_densenet40_k12_sync_use_fp16,1,0,0,0,0,0,0,0
cifar10_densenet40_k12_sync_use_fp16,2,0,0,0,0,0,0,0
cifar10_densenet40_k12_sync_winograd,1,0,0,0,0,0,0,0
cifar10_densenet40_k12_sync_winograd,2,0,0,0,0,0,0,0
cifar10_densenet40_k12_sync_xla,1,0,0,0,0,0,0,1701.0
cifar10_densenet40_k12_sync_xla,2,0,0,0,0,0,0,1700.9375
cifar10_resnet110_async_batch128,1,0,0,0,0,0,0,2757.0
cifar10_resnet110_async_batch128,2,0,0,0,0,0,0,2756.9375
cifar10_resnet110_async_batch256,1,0,0,0,0,0,0,0
cifar10_resnet110_async_batch256,2,0,0,0,0,0,0,0
cifar10_resnet110_async_batch32,1,0,0,0,0,0,0,1157.0
cifar10_resnet110_async_batch32,2,0,0,0,0,0,0,1156.9375
cifar10_resnet110_async_batch512,1,0,0,0,0,0,0,9095.0
cifar10_resnet110_async_batch512,2,0,0,0,0,0,0,9094.9375
cifar10_resnet110_async_batch64,1,0,0,0,0,0,0,1701.0
cifar10_resnet110_async_batch64,2,0,0,0,0,0,0,1700.9375
cifar10_resnet110_async_dataFormat,1,0,0,0,0,0,0,0
cifar10_resnet110_async_dataFormat,2,0,0,0,0,0,0,0
cifar10_resnet110_async_optMomentum,1,0,0,0,0,0,0,0
cifar10_resnet110_async_optMomentum,2,0,0,0,0,0,0,0
cifar10_resnet110_async_optRmsprop,1,0,0,0,0,0,0,1701.0
cifar10_resnet110_async_optRmsprop,2,0,0,0,0,0,0,1700.9375
cifar10_resnet110_async_use_fp16,1,0,0,0,0,0,0,0
cifar10_resnet110_async_use_fp16,2,0,0,0,0,0,0,0
cifar10_resnet110_async_winograd,1,0,0,0,0,0,0,1701.0
cifar10_resnet110_async_winograd,2,0,0,0,0,0,0,1668.9375
cifar10_resnet110_async_xla,1,0,0,0,0,0,0,1701.0
cifar10_resnet110_async_xla,2,0,0,0,0,0,0,1700.9375
cifar10_resnet110_sync_batch128,1,0,0,0,0,0,0,0
cifar10_resnet110_sync_batch128,2,0,0,0,0,0,0,0
cifar10_resnet110_sync_batch256,1,0,0,0,0,0,0,0
cifar10_resnet110_sync_batch256,2,0,0,0,0,0,0,0
cifar10_resnet110_sync_batch32,1,0,0,0,0,0,0,0
cifar10_resnet110_sync_batch32,2,0,0,0,0,0,0,0
cifar10_resnet110_sync_batch512,1,0,0,0,0,0,0,0
cifar10_resnet110_sync_batch512,2,0,0,0,0,0,0,0
cifar10_resnet110_sync_batch64,1,0,0,0,0,0,0,1701.0
cifar10_resnet110_sync_batch64,2,0,0,0,0,0,0,1700.9375
cifar10_resnet110_sync_dataFormat,1,0,0,0,0,0,0,0
cifar10_resnet110_sync_dataFormat,2,0,0,0,0,0,0,0
cifar10_resnet110_sync_optMomentum,1,0,0,0,0,0,0,0
cifar10_resnet110_sync_optMomentum,2,0,0,0,0,0,0,0
cifar10_resnet110_sync_optRmsprop,1,0,0,0,0,0,0,0
cifar10_resnet110_sync_optRmsprop,2,0,0,0,0,0,0,0
cifar10_resnet110_sync_use_fp16,1,0,0,0,0,0,0,0
cifar10_resnet110_sync_use_fp16,2,0,0,0,0,0,0,0
cifar10_resnet110_sync_winograd,1,0,0,0,0,0,0,0
cifar10_resnet110_sync_winograd,2,0,0,0,0,0,0,0
cifar10_resnet110_sync_xla,1,0,0,0,0,0,0,0
cifar10_resnet110_sync_xla,2,0,0,0,0,0,0,0
cifar10_resnet110_v2_async_batch128,1,0,0,0,0,0,0,0
cifar10_resnet110_v2_async_batch128,2,0,0,0,0,0,0,0
cifar10_resnet110_v2_async_batch256,1,0,0,0,0,0,0,0
cifar10_resnet110_v2_async_batch256,2,0,0,0,0,0,0,0
cifar10_resnet110_v2_async_batch32,1,0,0,0,0,0,0,0
cifar10_resnet110_v2_async_batch32,2,0,0,0,0,0,0,0
cifar10_resnet110_v2_async_batch512,1,0,0,0,0,0,0,0
cifar10_resnet110_v2_async_batch512,2,0,0,0,0,0,0,0
cifar10_resnet110_v2_async_batch64,1,0,0,0,0,0,0,0
cifar10_resnet110_v2_async_batch64,2,0,0,0,0,0,0,0
cifar10_resnet110_v2_async_dataFormat,1,0,0,0,0,0,0,0
cifar10_resnet110_v2_async_dataFormat,2,0,0,0,0,0,0,0
cifar10_resnet110_v2_async_optMomentum,1,0,0,0,0,0,0,1701.0
cifar10_resnet110_v2_async_optMomentum,2,0,0,0,0,0,0,1700.9375
cifar10_resnet110_v2_async_optRmsprop,1,0,0,0,0,0,0,0
cifar10_resnet110_v2_async_optRmsprop,2,0,0,0,0,0,0,0
cifar10_resnet110_v2_async_use_fp16,1,0,0,0,0,0,0,0
cifar10_resnet110_v2_async_use_fp16,2,0,0,0,0,0,0,0
cifar10_resnet110_v2_async_winograd,1,0,0,0,0,0,0,0
cifar10_resnet110_v2_async_winograd,2,0,0,0,0,0,0,0
cifar10_resnet110_v2_async_xla,1,0,0,0,0,0,0,1701.0
cifar10_resnet110_v2_async_xla,2,0,0,0,0,0,0,1700.9375
cifar10_resnet110_v2_sync_batch128,1,0,0,0,0,0,0,0
cifar10_resnet110_v2_sync_batch128,2,0,0,0,0,0,0,0
cifar10_resnet110_v2_sync_batch256,1,0,0,0,0,0,0,0
cifar10_resnet110_v2_sync_batch256,2,0,0,0,0,0,0,0
cifar10_resnet110_v2_sync_batch32,1,0,0,0,0,0,0,0
cifar10_resnet110_v2_sync_batch32,2,0,0,0,0,0,0,0
cifar10_resnet110_v2_sync_batch512,1,0,0,0,0,0,0,0
cifar10_resnet110_v2_sync_batch512,2,0,0,0,0,0,0,0
cifar10_resnet110_v2_sync_batch64,1,0,0,0,0,0,0,0
cifar10_resnet110_v2_sync_batch64,2,0,0,0,0,0,0,0
cifar10_resnet110_v2_sync_dataFormat,1,0,0,0,0,0,0,1701.0
cifar10_resnet110_v2_sync_dataFormat,2,0,0,0,0,0,0,1700.9375
cifar10_resnet110_v2_sync_optMomentum,1,0,0,0,0,0,0,0
cifar10_resnet110_v2_sync_optMomentum,2,0,0,0,0,0,0,0
cifar10_resnet110_v2_sync_optRmsprop,1,0,0,0,0,0,0,0
cifar10_resnet110_v2_sync_optRmsprop,2,0,0,0,0,0,0,0
cifar10_resnet110_v2_sync_use_fp16,1,0,0,0,0,0,0,0
cifar10_resnet110_v2_sync_use_fp16,2,0,0,0,0,0,0,0
cifar10_resnet110_v2_sync_winograd,1,0,0,0,0,0,0,0
cifar10_resnet110_v2_sync_winograd,2,0,0,0,0,0,0,0
cifar10_resnet110_v2_sync_xla,1,0,0,0,0,0,0,0
cifar10_resnet110_v2_sync_xla,2,0,0,0,0,0,0,0
cifar10_resnet20_async_batch128,1,0,0,0,0,0,0,0
cifar10_resnet20_async_batch128,2,0,0,0,0,0,0,0
cifar10_resnet20_async_batch256,1,0,0,0,0,0,0,0
cifar10_resnet20_async_batch256,2,0,0,0,0,0,0,0
cifar10_resnet20_async_batch32,1,0,0,0,0,0,0,0
cifar10_resnet20_async_batch32,2,0,0,0,0,0,0,0
cifar10_resnet20_async_batch512,1,0,0,0,0,0,0,0
cifar10_resnet20_async_batch512,2,0,0,0,0,0,0,0
cifar10_resnet20_async_batch64,1,0,0,0,0,0,0,933.0
cifar10_resnet20_async_batch64,2,0,0,0,0,0,0,932.9375
cifar10_resnet20_async_dataFormat,1,0,0,0,0,0,0,0
cifar10_resnet20_async_dataFormat,2,0,0,0,0,0,0,0
cifar10_resnet20_async_optMomentum,1,0,0,0,0,0,0,0
cifar10_resnet20_async_optMomentum,2,0,0,0,0,0,0,0
cifar10_resnet20_async_optRmsprop,1,0,0,0,0,0,0,0
cifar10_resnet20_async_optRmsprop,2,0,0,0,0,0,0,0
cifar10_resnet20_async_use_fp16,1,0,0,0,0,0,0,0
cifar10_resnet20_async_use_fp16,2,0,0,0,0,0,0,0
cifar10_resnet20_async_winograd,1,0,0,0,0,0,0,0
cifar10_resnet20_async_winograd,2,0,0,0,0,0,0,0
cifar10_resnet20_async_xla,1,0,0,0,0,0,0,0
cifar10_resnet20_async_xla,2,0,0,0,0,0,0,0
cifar10_resnet20_sync_batch128,1,0,0,0,0,0,0,0
cifar10_resnet20_sync_batch128,2,0,0,0,0,0,0,0
cifar10_resnet20_sync_batch256,1,0,0,0,0,0,0,1799.0
cifar10_resnet20_sync_batch256,2,0,0,0,0,0,0,1798.9375
cifar10_resnet20_sync_batch32,1,0,0,0,0,0,0,0
cifar10_resnet20_sync_batch32,2,0,0,0,0,0,0,0
cifar10_resnet20_sync_batch512,1,0,0,0,0,0,0,0
cifar10_resnet20_sync_batch512,2,0,0,0,0,0,0,0
cifar10_resnet20_sync_batch64,1,0,0,0,0,0,0,0
cifar10_resnet20_sync_batch64,2,0,0,0,0,0,0,0
cifar10_resnet20_sync_dataFormat,1,0,0,0,0,0,0,933.0
cifar10_resnet20_sync_dataFormat,2,0,0,0,0,0,0,932.9375
cifar10_resnet20_sync_optMomentum,1,0,0,0,0,0,0,0
cifar10_resnet20_sync_optMomentum,2,0,0,0,0,0,0,0
cifar10_resnet20_sync_optRmsprop,1,0,0,0,0,0,0,933.0
cifar10_resnet20_sync_optRmsprop,2,0,0,0,0,0,0,932.9375
cifar10_resnet20_sync_use_fp16,1,0,0,0,0,0,0,0
cifar10_resnet20_sync_use_fp16,2,0,0,0,0,0,0,0
cifar10_resnet20_sync_winograd,1,0,0,0,0,0,0,0
cifar10_resnet20_sync_winograd,2,0,0,0,0,0,0,0
cifar10_resnet20_sync_xla,1,0,0,0,0,0,0,0
cifar10_resnet20_sync_xla,2,0,0,0,0,0,0,0
cifar10_resnet20_v2_async_batch128,1,0,0,0,0,0,0,0
cifar10_resnet20_v2_async_batch128,2,0,0,0,0,0,0,0
cifar10_resnet20_v2_async_batch256,1,0,0,0,0,0,0,0
cifar10_resnet20_v2_async_batch256,2,0,0,0,0,0,0,0
cifar10_resnet20_v2_async_batch32,1,0,0,0,0,0,0,0
cifar10_resnet20_v2_async_batch32,2,0,0,0,0,0,0,0
cifar10_resnet20_v2_async_batch512,1,0,0,0,0,0,0,0
cifar10_resnet20_v2_async_batch512,2,0,0,0,0,0,0,0
cifar10_resnet20_v2_async_batch64,1,0,0,0,0,0,0,0
cifar10_resnet20_v2_async_batch64,2,0,0,0,0,0,0,0
cifar10_resnet20_v2_async_dataFormat,1,0,0,0,0,0,0,0
cifar10_resnet20_v2_async_dataFormat,2,0,0,0,0,0,0,0
cifar10_resnet20_v2_async_optMomentum,1,0,0,0,0,0,0,0
cifar10_resnet20_v2_async_optMomentum,2,0,0,0,0,0,0,0
cifar10_resnet20_v2_async_optRmsprop,1,0,0,0,0,0,0,0
cifar10_resnet20_v2_async_optRmsprop,2,0,0,0,0,0,0,0
cifar10_resnet20_v2_async_use_fp16,1,0,0,0,0,0,0,0
cifar10_resnet20_v2_async_use_fp16,2,0,0,0,0,0,0,0
cifar10_resnet20_v2_async_winograd,1,0,0,0,0,0,0,0
cifar10_resnet20_v2_async_winograd,2,0,0,0,0,0,0,0
cifar10_resnet20_v2_async_xla,1,0,0,0,0,0,0,0
cifar10_resnet20_v2_async_xla,2,0,0,0,0,0,0,0
cifar10_resnet20_v2_sync_batch128,1,0,0,0,0,0,0,0
cifar10_resnet20_v2_sync_batch128,2,0,0,0,0,0,0,0
cifar10_resnet20_v2_sync_batch256,1,0,0,0,0,0,0,0
cifar10_resnet20_v2_sync_batch256,2,0,0,0,0,0,0,0
cifar10_resnet20_v2_sync_batch32,1,0,0,0,0,0,0,0
cifar10_resnet20_v2_sync_batch32,2,0,0,0,0,0,0,0
cifar10_resnet20_v2_sync_batch512,1,0,0,0,0,0,0,0
cifar10_resnet20_v2_sync_batch512,2,0,0,0,0,0,0,0
cifar10_resnet20_v2_sync_batch64,1,0,0,0,0,0,0,0
cifar10_resnet20_v2_sync_batch64,2,0,0,0,0,0,0,0
cifar10_resnet20_v2_sync_dataFormat,1,0,0,0,0,0,0,0
cifar10_resnet20_v2_sync_dataFormat,2,0,0,0,0,0,0,0
cifar10_resnet20_v2_sync_optMomentum,1,0,0,0,0,0,0,0
cifar10_resnet20_v2_sync_optMomentum,2,0,0,0,0,0,0,0
cifar10_resnet20_v2_sync_optRmsprop,1,0,0,0,0,0,0,933.0
cifar10_resnet20_v2_sync_optRmsprop,2,0,0,0,0,0,0,932.9375
cifar10_resnet20_v2_sync_use_fp16,1,0,0,0,0,0,0,0
cifar10_resnet20_v2_sync_use_fp16,2,0,0,0,0,0,0,0
cifar10_resnet20_v2_sync_winograd,1,0,0,0,0,0,0,0
cifar10_resnet20_v2_sync_winograd,2,0,0,0,0,0,0,0
cifar10_resnet20_v2_sync_xla,1,0,0,0,0,0,0,0
cifar10_resnet20_v2_sync_xla,2,0,0,0,0,0,0,0
cifar10_resnet32_async_batch128,1,0,0,0,0,0,0,0
cifar10_resnet32_async_batch128,2,0,0,0,0,0,0,0
cifar10_resnet32_async_batch256,1,0,0,0,0,0,0,0
cifar10_resnet32_async_batch256,2,0,0,0,0,0,0,0
cifar10_resnet32_async_batch32,1,0,0,0,0,0,0,0
cifar10_resnet32_async_batch32,2,0,0,0,0,0,0,0
cifar10_resnet32_async_batch512,1,0,0,0,0,0,0,0
cifar10_resnet32_async_batch512,2,0,0,0,0,0,0,0
cifar10_resnet32_async_batch64,1,0,0,0,0,0,0,0
cifar10_resnet32_async_batch64,2,0,0,0,0,0,0,0
cifar10_resnet32_async_dataFormat,1,0,0,0,0,0,0,0
cifar10_resnet32_async_dataFormat,2,0,0,0,0,0,0,0
cifar10_resnet32_async_optMomentum,1,0,0,0,0,0,0,0
cifar10_resnet32_async_optMomentum,2,0,0,0,0,0,0,0
cifar10_resnet32_async_optRmsprop,1,0,0,0,0,0,0,0
cifar10_resnet32_async_optRmsprop,2,0,0,0,0,0,0,0
cifar10_resnet32_async_use_fp16,1,0,0,0,0,0,0,0
cifar10_resnet32_async_use_fp16,2,0,0,0,0,0,0,0
cifar10_resnet32_async_winograd,1,0,0,0,0,0,0,0
cifar10_resnet32_async_winograd,2,0,0,0,0,0,0,0
cifar10_resnet32_async_xla,1,0,0,0,0,0,0,0
cifar10_resnet32_async_xla,2,0,0,0,0,0,0,0
cifar10_resnet32_sync_batch128,1,0,0,0,0,0,0,0
cifar10_resnet32_sync_batch128,2,0,0,0,0,0,0,0
cifar10_resnet32_sync_batch256,1,0,0,0,0,0,0,0
cifar10_resnet32_sync_batch256,2,0,0,0,0,0,0,0
cifar10_resnet32_sync_batch32,1,0,0,0,0,0,0,0
cifar10_resnet32_sync_batch32,2,0,0,0,0,0,0,0
cifar10_resnet32_sync_batch512,1,0,0,0,0,0,0,0
cifar10_resnet32_sync_batch512,2,0,0,0,0,0,0,0
cifar10_resnet32_sync_batch64,1,0,0,0,0,0,0,0
cifar10_resnet32_sync_batch64,2,0,0,0,0,0,0,0
cifar10_resnet32_sync_dataFormat,1,0,0,0,0,0,0,0
cifar10_resnet32_sync_dataFormat,2,0,0,0,0,0,0,0
cifar10_resnet32_sync_optMomentum,1,0,0,0,0,0,0,0
cifar10_resnet32_sync_optMomentum,2,0,0,0,0,0,0,0
cifar10_resnet32_sync_optRmsprop,1,0,0,0,0,0,0,0
cifar10_resnet32_sync_optRmsprop,2,0,0,0,0,0,0,0
cifar10_resnet32_sync_use_fp16,1,0,0,0,0,0,0,0
cifar10_resnet32_sync_use_fp16,2,0,0,0,0,0,0,0
cifar10_resnet32_sync_winograd,1,0,0,0,0,0,0,0
cifar10_resnet32_sync_winograd,2,0,0,0,0,0,0,0
cifar10_resnet32_sync_xla,1,0,0,0,0,0,0,0
cifar10_resnet32_sync_xla,2,0,0,0,0,0,0,0
cifar10_resnet32_v2_async_batch128,1,0,0,0,0,0,0,0
cifar10_resnet32_v2_async_batch128,2,0,0,0,0,0,0,0
cifar10_resnet32_v2_async_batch256,1,0,0,0,0,0,0,0
cifar10_resnet32_v2_async_batch256,2,0,0,0,0,0,0,0
cifar10_resnet32_v2_async_batch32,1,0,0,0,0,0,0,789.0
cifar10_resnet32_v2_async_batch32,2,0,0,0,0,0,0,788.9375
cifar10_resnet32_v2_async_batch512,1,0,0,0,0,0,0,0
cifar10_resnet32_v2_async_batch512,2,0,0,0,0,0,0,0
cifar10_resnet32_v2_async_batch64,1,0,0,0,0,0,0,0
cifar10_resnet32_v2_async_batch64,2,0,0,0,0,0,0,0
cifar10_resnet32_v2_async_dataFormat,1,0,0,0,0,0,0,0
cifar10_resnet32_v2_async_dataFormat,2,0,0,0,0,0,0,0
cifar10_resnet32_v2_async_optMomentum,1,0,0,0,0,0,0,0
cifar10_resnet32_v2_async_optMomentum,2,0,0,0,0,0,0,0
cifar10_resnet32_v2_async_optRmsprop,1,0,0,0,0,0,0,933.0
cifar10_resnet32_v2_async_optRmsprop,2,0,0,0,0,0,0,932.9375
cifar10_resnet32_v2_async_use_fp16,1,0,0,0,0,0,0,0
cifar10_resnet32_v2_async_use_fp16,2,0,0,0,0,0,0,0
cifar10_resnet32_v2_async_winograd,1,0,0,0,0,0,0,0
cifar10_resnet32_v2_async_winograd,2,0,0,0,0,0,0,0
cifar10_resnet32_v2_async_xla,1,0,0,0,0,0,0,933.0
cifar10_resnet32_v2_async_xla,2,0,0,0,0,0,0,932.9375
cifar10_resnet32_v2_sync_batch128,1,0,0,0,0,0,0,0
cifar10_resnet32_v2_sync_batch128,2,0,0,0,0,0,0,0
cifar10_resnet32_v2_sync_batch256,1,0,0,0,0,0,0,1799.0
cifar10_resnet32_v2_sync_batch256,2,0,0,0,0,0,0,1806.9375
cifar10_resnet32_v2_sync_batch32,1,0,0,0,0,0,0,789.0
cifar10_resnet32_v2_sync_batch32,2,0,0,0,0,0,0,788.9375
cifar10_resnet32_v2_sync_batch512,1,0,0,0,0,0,0,0
cifar10_resnet32_v2_sync_batch512,2,0,0,0,0,0,0,0
cifar10_resnet32_v2_sync_batch64,1,0,0,0,0,0,0,0
cifar10_resnet32_v2_sync_batch64,2,0,0,0,0,0,0,0
cifar10_resnet32_v2_sync_dataFormat,1,0,0,0,0,0,0,933.0
cifar10_resnet32_v2_sync_dataFormat,2,0,0,0,0,0,0,932.9375
cifar10_resnet32_v2_sync_optMomentum,1,0,0,0,0,0,0,0
cifar10_resnet32_v2_sync_optMomentum,2,0,0,0,0,0,0,0
cifar10_resnet32_v2_sync_optRmsprop,1,0,0,0,0,0,0,0
cifar10_resnet32_v2_sync_optRmsprop,2,0,0,0,0,0,0,0
cifar10_resnet32_v2_sync_use_fp16,1,0,0,0,0,0,0,0
cifar10_resnet32_v2_sync_use_fp16,2,0,0,0,0,0,0,0
cifar10_resnet32_v2_sync_winograd,1,0,0,0,0,0,0,933.0
cifar10_resnet32_v2_sync_winograd,2,0,0,0,0,0,0,932.9375
cifar10_resnet32_v2_sync_xla,1,0,0,0,0,0,0,0
cifar10_resnet32_v2_sync_xla,2,0,0,0,0,0,0,0
cifar10_resnet44_async_batch128,1,0,0,0,0,0,0,0
cifar10_resnet44_async_batch128,2,0,0,0,0,0,0,0
cifar10_resnet44_async_batch256,1,0,0,0,0,0,0,0
cifar10_resnet44_async_batch256,2,0,0,0,0,0,0,0
cifar10_resnet44_async_batch32,1,0,0,0,0,0,0,0
cifar10_resnet44_async_batch32,2,0,0,0,0,0,0,0
cifar10_resnet44_async_batch512,1,0,0,0,0,0,0,0
cifar10_resnet44_async_batch512,2,0,0,0,0,0,0,0
cifar10_resnet44_async_batch64,1,0,0,0,0,0,0,0
cifar10_resnet44_async_batch64,2,0,0,0,0,0,0,0
cifar10_resnet44_async_dataFormat,1,0,0,0,0,0,0,933.0
cifar10_resnet44_async_dataFormat,2,0,0,0,0,0,0,932.9375
cifar10_resnet44_async_optMomentum,1,0,0,0,0,0,0,933.0
cifar10_resnet44_async_optMomentum,2,0,0,0,0,0,0,932.9375
cifar10_resnet44_async_optRmsprop,1,0,0,0,0,0,0,0
cifar10_resnet44_async_optRmsprop,2,0,0,0,0,0,0,0
cifar10_resnet44_async_use_fp16,1,0,0,0,0,0,0,0
cifar10_resnet44_async_use_fp16,2,0,0,0,0,0,0,0
cifar10_resnet44_async_winograd,1,0,0,0,0,0,0,0
cifar10_resnet44_async_winograd,2,0,0,0,0,0,0,0
cifar10_resnet44_async_xla,1,0,0,0,0,0,0,0
cifar10_resnet44_async_xla,2,0,0,0,0,0,0,0
cifar10_resnet44_sync_batch128,1,0,0,0,0,0,0,0
cifar10_resnet44_sync_batch128,2,0,0,0,0,0,0,0
cifar10_resnet44_sync_batch256,1,0,0,0,0,0,0,0
cifar10_resnet44_sync_batch256,2,0,0,0,0,0,0,0
cifar10_resnet44_sync_batch32,1,0,0,0,0,0,0,0
cifar10_resnet44_sync_batch32,2,0,0,0,0,0,0,0
cifar10_resnet44_sync_batch512,1,0,0,0,0,0,0,0
cifar10_resnet44_sync_batch512,2,0,0,0,0,0,0,0
cifar10_resnet44_sync_batch64,1,0,0,0,0,0,0,0
cifar10_resnet44_sync_batch64,2,0,0,0,0,0,0,0
cifar10_resnet44_sync_dataFormat,1,0,0,0,0,0,0,0
cifar10_resnet44_sync_dataFormat,2,0,0,0,0,0,0,0
cifar10_resnet44_sync_optMomentum,1,0,0,0,0,0,0,0
cifar10_resnet44_sync_optMomentum,2,0,0,0,0,0,0,0
cifar10_resnet44_sync_optRmsprop,1,0,0,0,0,0,0,0
cifar10_resnet44_sync_optRmsprop,2,0,0,0,0,0,0,0
cifar10_resnet44_sync_use_fp16,1,0,0,0,0,0,0,0
cifar10_resnet44_sync_use_fp16,2,0,0,0,0,0,0,0
cifar10_resnet44_sync_winograd,1,0,0,0,0,0,0,933.0
cifar10_resnet44_sync_winograd,2,0,0,0,0,0,0,932.9375
cifar10_resnet44_sync_xla,1,0,0,0,0,0,0,0
cifar10_resnet44_sync_xla,2,0,0,0,0,0,0,0
cifar10_resnet44_v2_async_batch128,1,0,0,0,0,0,0,0
cifar10_resnet44_v2_async_batch128,2,0,0,0,0,0,0,0
cifar10_resnet44_v2_async_batch256,1,0,0,0,0,0,0,1799.0
cifar10_resnet44_v2_async_batch256,2,0,0,0,0,0,0,1806.9375
cifar10_resnet44_v2_async_batch32,1,0,0,0,0,0,0,0
cifar10_resnet44_v2_async_batch32,2,0,0,0,0,0,0,0
cifar10_resnet44_v2_async_batch512,1,0,0,0,0,0,0,0
cifar10_resnet44_v2_async_batch512,2,0,0,0,0,0,0,0
cifar10_resnet44_v2_async_batch64,1,0,0,0,0,0,0,0
cifar10_resnet44_v2_async_batch64,2,0,0,0,0,0,0,0
cifar10_resnet44_v2_async_dataFormat,1,0,0,0,0,0,0,933.0
cifar10_resnet44_v2_async_dataFormat,2,0,0,0,0,0,0,932.9375
cifar10_resnet44_v2_async_optMomentum,1,0,0,0,0,0,0,0
cifar10_resnet44_v2_async_optMomentum,2,0,0,0,0,0,0,0
cifar10_resnet44_v2_async_optRmsprop,1,0,0,0,0,0,0,0
cifar10_resnet44_v2_async_optRmsprop,2,0,0,0,0,0,0,0
cifar10_resnet44_v2_async_use_fp16,1,0,0,0,0,0,0,0
cifar10_resnet44_v2_async_use_fp16,2,0,0,0,0,0,0,0
cifar10_resnet44_v2_async_winograd,1,0,0,0,0,0,0,0
cifar10_resnet44_v2_async_winograd,2,0,0,0,0,0,0,0
cifar10_resnet44_v2_async_xla,1,0,0,0,0,0,0,0
cifar10_resnet44_v2_async_xla,2,0,0,0,0,0,0,0
cifar10_resnet44_v2_sync_batch128,1,0,0,0,0,0,0,0
cifar10_resnet44_v2_sync_batch128,2,0,0,0,0,0,0,0
cifar10_resnet44_v2_sync_batch256,1,0,0,0,0,0,0,0
cifar10_resnet44_v2_sync_batch256,2,0,0,0,0,0,0,0
cifar10_resnet44_v2_sync_batch32,1,0,0,0,0,0,0,0
cifar10_resnet44_v2_sync_batch32,2,0,0,0,0,0,0,0
cifar10_resnet44_v2_sync_batch512,1,0,0,0,0,0,0,0
cifar10_resnet44_v2_sync_batch512,2,0,0,0,0,0,0,0
cifar10_resnet44_v2_sync_batch64,1,0,0,0,0,0,0,0
cifar10_resnet44_v2_sync_batch64,2,0,0,0,0,0,0,0
cifar10_resnet44_v2_sync_dataFormat,1,0,0,0,0,0,0,0
cifar10_resnet44_v2_sync_dataFormat,2,0,0,0,0,0,0,0
cifar10_resnet44_v2_sync_optMomentum,1,0,0,0,0,0,0,0
cifar10_resnet44_v2_sync_optMomentum,2,0,0,0,0,0,0,0
cifar10_resnet44_v2_sync_optRmsprop,1,0,0,0,0,0,0,933.0
cifar10_resnet44_v2_sync_optRmsprop,2,0,0,0,0,0,0,932.9375
cifar10_resnet44_v2_sync_use_fp16,1,0,0,0,0,0,0,917.0
cifar10_resnet44_v2_sync_use_fp16,2,0,0,0,0,0,0,916.9375
cifar10_resnet44_v2_sync_winograd,1,0,0,0,0,0,0,933.0
cifar10_resnet44_v2_sync_winograd,2,0,0,0,0,0,0,932.9375
cifar10_resnet44_v2_sync_xla,1,0,0,0,0,0,0,0
cifar10_resnet44_v2_sync_xla,2,0,0,0,0,0,0,0
cifar10_resnet56_async_batch128,1,0,0,0,0,0,0,1733.0
cifar10_resnet56_async_batch128,2,0,0,0,0,0,0,1732.9375
cifar10_resnet56_async_batch256,1,0,0,0,0,0,0,0
cifar10_resnet56_async_batch256,2,0,0,0,0,0,0,0
cifar10_resnet56_async_batch32,1,0,0,0,0,0,0,0
cifar10_resnet56_async_batch32,2,0,0,0,0,0,0,0
cifar10_resnet56_async_batch512,1,0,0,0,0,0,0,4999.0
cifar10_resnet56_async_batch512,2,0,0,0,0,0,0,4998.9375
cifar10_resnet56_async_batch64,1,0,0,0,0,0,0,0
cifar10_resnet56_async_batch64,2,0,0,0,0,0,0,0
cifar10_resnet56_async_dataFormat,1,0,0,0,0,0,0,0
cifar10_resnet56_async_dataFormat,2,0,0,0,0,0,0,0
cifar10_resnet56_async_optMomentum,1,0,0,0,0,0,0,0
cifar10_resnet56_async_optMomentum,2,0,0,0,0,0,0,0
cifar10_resnet56_async_optRmsprop,1,0,0,0,0,0,0,0
cifar10_resnet56_async_optRmsprop,2,0,0,0,0,0,0,0
cifar10_resnet56_async_use_fp16,1,0,0,0,0,0,0,0
cifar10_resnet56_async_use_fp16,2,0,0,0,0,0,0,0
cifar10_resnet56_async_winograd,1,0,0,0,0,0,0,0
cifar10_resnet56_async_winograd,2,0,0,0,0,0,0,0
cifar10_resnet56_async_xla,1,0,0,0,0,0,0,0
cifar10_resnet56_async_xla,2,0,0,0,0,0,0,0
cifar10_resnet56_sync_batch128,1,0,0,0,0,0,0,0
cifar10_resnet56_sync_batch128,2,0,0,0,0,0,0,0
cifar10_resnet56_sync_batch256,1,0,0,0,0,0,0,0
cifar10_resnet56_sync_batch256,2,0,0,0,0,0,0,0
cifar10_resnet56_sync_batch32,1,0,0,0,0,0,0,0
cifar10_resnet56_sync_batch32,2,0,0,0,0,0,0,0
cifar10_resnet56_sync_batch512,1,0,0,0,0,0,0,0
cifar10_resnet56_sync_batch512,2,0,0,0,0,0,0,0
cifar10_resnet56_sync_batch64,1,0,0,0,0,0,0,0
cifar10_resnet56_sync_batch64,2,0,0,0,0,0,0,0
cifar10_resnet56_sync_dataFormat,1,0,0,0,0,0,0,0
cifar10_resnet56_sync_dataFormat,2,0,0,0,0,0,0,0
cifar10_resnet56_sync_optMomentum,1,0,0,0,0,0,0,0
cifar10_resnet56_sync_optMomentum,2,0,0,0,0,0,0,0
cifar10_resnet56_sync_optRmsprop,1,0,0,0,0,0,0,1189.0
cifar10_resnet56_sync_optRmsprop,2,0,0,0,0,0,0,1188.9375
cifar10_resnet56_sync_use_fp16,1,0,0,0,0,0,0,0
cifar10_resnet56_sync_use_fp16,2,0,0,0,0,0,0,0
cifar10_resnet56_sync_winograd,1,0,0,0,0,0,0,0
cifar10_resnet56_sync_winograd,2,0,0,0,0,0,0,0
cifar10_resnet56_sync_xla,1,0,0,0,0,0,0,0
cifar10_resnet56_sync_xla,2,0,0,0,0,0,0,0
cifar10_resnet56_v2_async_batch128,1,0,0,0,0,0,0,0
cifar10_resnet56_v2_async_batch128,2,0,0,0,0,0,0,0
cifar10_resnet56_v2_async_batch256,1,0,0,0,0,0,0,0
cifar10_resnet56_v2_async_batch256,2,0,0,0,0,0,0,0
cifar10_resnet56_v2_async_batch32,1,0,0,0,0,0,0,0
cifar10_resnet56_v2_async_batch32,2,0,0,0,0,0,0,0
cifar10_resnet56_v2_async_batch512,1,0,0,0,0,0,0,0
cifar10_resnet56_v2_async_batch512,2,0,0,0,0,0,0,0
cifar10_resnet56_v2_async_batch64,1,0,0,0,0,0,0,0
cifar10_resnet56_v2_async_batch64,2,0,0,0,0,0,0,0
cifar10_resnet56_v2_async_dataFormat,1,0,0,0,0,0,0,0
cifar10_resnet56_v2_async_dataFormat,2,0,0,0,0,0,0,0
cifar10_resnet56_v2_async_optMomentum,1,0,0,0,0,0,0,0
cifar10_resnet56_v2_async_optMomentum,2,0,0,0,0,0,0,0
cifar10_resnet56_v2_async_optRmsprop,1,0,0,0,0,0,0,0
cifar10_resnet56_v2_async_optRmsprop,2,0,0,0,0,0,0,0
cifar10_resnet56_v2_async_use_fp16,1,0,0,0,0,0,0,0
cifar10_resnet56_v2_async_use_fp16,2,0,0,0,0,0,0,0
cifar10_resnet56_v2_async_winograd,1,0,0,0,0,0,0,0
cifar10_resnet56_v2_async_winograd,2,0,0,0,0,0,0,0
cifar10_resnet56_v2_async_xla,1,0,0,0,0,0,0,0
cifar10_resnet56_v2_async_xla,2,0,0,0,0,0,0,0
cifar10_resnet56_v2_sync_batch128,1,0,0,0,0,0,0,0
cifar10_resnet56_v2_sync_batch128,2,0,0,0,0,0,0,0
cifar10_resnet56_v2_sync_batch256,1,0,0,0,0,0,0,2823.0
cifar10_resnet56_v2_sync_batch256,2,0,0,0,0,0,0,2830.9375
cifar10_resnet56_v2_sync_batch32,1,0,0,0,0,0,0,0
cifar10_resnet56_v2_sync_batch32,2,0,0,0,0,0,0,0
cifar10_resnet56_v2_sync_batch512,1,0,0,0,0,0,0,4999.0
cifar10_resnet56_v2_sync_batch512,2,0,0,0,0,0,0,4998.9375
cifar10_resnet56_v2_sync_batch64,1,0,0,0,0,0,0,0
cifar10_resnet56_v2_sync_batch64,2,0,0,0,0,0,0,0
cifar10_resnet56_v2_sync_dataFormat,1,0,0,0,0,0,0,0
cifar10_resnet56_v2_sync_dataFormat,2,0,0,0,0,0,0,0
cifar10_resnet56_v2_sync_optMomentum,1,0,0,0,0,0,0,0
cifar10_resnet56_v2_sync_optMomentum,2,0,0,0,0,0,0,0
cifar10_resnet56_v2_sync_optRmsprop,1,0,0,0,0,0,0,0
cifar10_resnet56_v2_sync_optRmsprop,2,0,0,0,0,0,0,0
cifar10_resnet56_v2_sync_use_fp16,1,0,0,0,0,0,0,0
cifar10_resnet56_v2_sync_use_fp16,2,0,0,0,0,0,0,0
cifar10_resnet56_v2_sync_winograd,1,0,0,0,0,0,0,0
cifar10_resnet56_v2_sync_winograd,2,0,0,0,0,0,0,0
cifar10_resnet56_v2_sync_xla,1,0,0,0,0,0,0,0
cifar10_resnet56_v2_sync_xla,2,0,0,0,0,0,0,0
cifar10_vgg16_async_batch128,1,0,0,0,0,0,0,0
cifar10_vgg16_async_batch128,2,0,0,0,0,0,0,0
cifar10_vgg16_async_batch256,1,0,0,0,0,0,0,0
cifar10_vgg16_async_batch256,2,0,0,0,0,0,0,0
cifar10_vgg16_async_batch32,1,0,0,0,0,0,0,0
cifar10_vgg16_async_batch32,2,0,0,0,0,0,0,0
cifar10_vgg16_async_batch512,1,0,0,0,0,0,0,0
cifar10_vgg16_async_batch512,2,0,0,0,0,0,0,0
cifar10_vgg16_async_batch64,1,0,0,0,0,0,0,0
cifar10_vgg16_async_batch64,2,0,0,0,0,0,0,0
cifar10_vgg16_async_dataFormat,1,0,0,0,0,0,0,0
cifar10_vgg16_async_dataFormat,2,0,0,0,0,0,0,0
cifar10_vgg16_async_optMomentum,1,0,0,0,0,0,0,0
cifar10_vgg16_async_optMomentum,2,0,0,0,0,0,0,0
cifar10_vgg16_async_optRmsprop,1,0,0,0,0,0,0,0
cifar10_vgg16_async_optRmsprop,2,0,0,0,0,0,0,0
cifar10_vgg16_async_use_fp16,1,0,0,0,0,0,0,0
cifar10_vgg16_async_use_fp16,2,0,0,0,0,0,0,0
cifar10_vgg16_async_winograd,1,0,0,0,0,0,0,0
cifar10_vgg16_async_winograd,2,0,0,0,0,0,0,0
cifar10_vgg16_async_xla,1,0,0,0,0,0,0,0
cifar10_vgg16_async_xla,2,0,0,0,0,0,0,0
cifar10_vgg16_sync_batch128,1,0,0,0,0,0,0,0
cifar10_vgg16_sync_batch128,2,0,0,0,0,0,0,0
cifar10_vgg16_sync_batch256,1,0,0,0,0,0,0,6287.0
cifar10_vgg16_sync_batch256,2,0,0,0,0,0,0,6286.9375
cifar10_vgg16_sync_batch32,1,0,0,0,0,0,0,0
cifar10_vgg16_sync_batch32,2,0,0,0,0,0,0,0
cifar10_vgg16_sync_batch512,1,0,0,0,0,0,0,0
cifar10_vgg16_sync_batch512,2,0,0,0,0,0,0,0
cifar10_vgg16_sync_batch64,1,0,0,0,0,0,0,0
cifar10_vgg16_sync_batch64,2,0,0,0,0,0,0,0
cifar10_vgg16_sync_dataFormat,1,0,0,0,0,0,0,0
cifar10_vgg16_sync_dataFormat,2,0,0,0,0,0,0,0
cifar10_vgg16_sync_optMomentum,1,0,0,0,0,0,0,0
cifar10_vgg16_sync_optMomentum,2,0,0,0,0,0,0,0
cifar10_vgg16_sync_optRmsprop,1,0,0,0,0,0,0,0
cifar10_vgg16_sync_optRmsprop,2,0,0,0,0,0,0,0
cifar10_vgg16_sync_use_fp16,1,0,0,0,0,0,0,0
cifar10_vgg16_sync_use_fp16,2,0,0,0,0,0,0,0
cifar10_vgg16_sync_winograd,1,0,0,0,0,0,0,0
cifar10_vgg16_sync_winograd,2,0,0,0,0,0,0,0
cifar10_vgg16_sync_xla,1,0,0,0,0,0,0,0
cifar10_vgg16_sync_xla,2,0,0,0,0,0,0,0
imagenet_alexnet_async_batch128,1,0,0,0,0,0,0,0
imagenet_alexnet_async_batch128,2,0,0,0,0,0,0,0
imagenet_alexnet_async_batch256,1,0,0,0,0,0,0,0
imagenet_alexnet_async_batch256,2,0,0,0,0,0,0,0
imagenet_alexnet_async_batch32,1,0,0,0,0,0,0,0
imagenet_alexnet_async_batch32,2,0,0,0,0,0,0,0
imagenet_alexnet_async_batch512,1,0,0,0,0,0,0,0
imagenet_alexnet_async_batch512,2,0,0,0,0,0,0,0
imagenet_alexnet_async_batch64,1,0,0,0,0,0,0,0
imagenet_alexnet_async_batch64,2,0,0,0,0,0,0,0
imagenet_alexnet_async_dataFormat,1,0,0,0,0,0,0,0
imagenet_alexnet_async_dataFormat,2,0,0,0,0,0,0,0
imagenet_alexnet_async_optMomentum,1,0,0,0,0,0,0,0
imagenet_alexnet_async_optMomentum,2,0,0,0,0,0,0,0
imagenet_alexnet_async_optRmsprop,1,0,0,0,0,0,0,0
imagenet_alexnet_async_optRmsprop,2,0,0,0,0,0,0,0
imagenet_alexnet_async_use_fp16,1,0,0,0,0,0,0,0
imagenet_alexnet_async_use_fp16,2,0,0,0,0,0,0,0
imagenet_alexnet_async_winograd,1,0,0,0,0,0,0,0
imagenet_alexnet_async_winograd,2,0,0,0,0,0,0,0
imagenet_alexnet_async_xla,1,0,0,0,0,0,0,0
imagenet_alexnet_async_xla,2,0,0,0,0,0,0,0
imagenet_alexnet_sync_batch128,1,0,0,0,0,0,0,0
imagenet_alexnet_sync_batch128,2,0,0,0,0,0,0,0
imagenet_alexnet_sync_batch256,1,0,0,0,0,0,0,0
imagenet_alexnet_sync_batch256,2,0,0,0,0,0,0,0
imagenet_alexnet_sync_batch32,1,0,0,0,0,0,0,2695.0
imagenet_alexnet_sync_batch32,2,0,0,0,0,0,0,2694.9375
imagenet_alexnet_sync_batch512,1,0,0,0,0,0,0,8841.0
imagenet_alexnet_sync_batch512,2,0,0,0,0,0,0,8840.9375
imagenet_alexnet_sync_batch64,1,0,0,0,0,0,0,0
imagenet_alexnet_sync_batch64,2,0,0,0,0,0,0,0
imagenet_alexnet_sync_dataFormat,1,0,0,0,0,0,0,0
imagenet_alexnet_sync_dataFormat,2,0,0,0,0,0,0,0
imagenet_alexnet_sync_optMomentum,1,0,0,0,0,0,0,0
imagenet_alexnet_sync_optMomentum,2,0,0,0,0,0,0,0
imagenet_alexnet_sync_optRmsprop,1,0,0,0,0,0,0,0
imagenet_alexnet_sync_optRmsprop,2,0,0,0,0,0,0,0
imagenet_alexnet_sync_use_fp16,1,0,0,0,0,0,0,0
imagenet_alexnet_sync_use_fp16,2,0,0,0,0,0,0,0
imagenet_alexnet_sync_winograd,1,0,0,0,0,0,0,0
imagenet_alexnet_sync_winograd,2,0,0,0,0,0,0,0
imagenet_alexnet_sync_xla,1,0,0,0,0,0,0,0
imagenet_alexnet_sync_xla,2,0,0,0,0,0,0,0
imagenet_googlenet_async_batch128,1,0,0,0,0,0,0,0
imagenet_googlenet_async_batch128,2,0,0,0,0,0,0,0
imagenet_googlenet_async_batch256,1,0,0,0,0,0,0,0
imagenet_googlenet_async_batch256,2,0,0,0,0,0,0,0
imagenet_googlenet_async_batch32,1,0,0,0,0,0,0,0
imagenet_googlenet_async_batch32,2,0,0,0,0,0,0,0
imagenet_googlenet_async_batch512,1,0,0,0,0,0,0,0
imagenet_googlenet_async_batch512,2,0,0,0,0,0,0,0
imagenet_googlenet_async_batch64,1,0,0,0,0,0,0,0
imagenet_googlenet_async_batch64,2,0,0,0,0,0,0,0
imagenet_googlenet_async_dataFormat,1,0,0,0,0,0,0,0
imagenet_googlenet_async_dataFormat,2,0,0,0,0,0,0,0
imagenet_googlenet_async_optMomentum,1,0,0,0,0,0,0,4743.0
imagenet_googlenet_async_optMomentum,2,0,0,0,0,0,0,4742.9375
imagenet_googlenet_async_optRmsprop,1,0,0,0,0,0,0,4743.0
imagenet_googlenet_async_optRmsprop,2,0,0,0,0,0,0,4742.9375
imagenet_googlenet_async_use_fp16,1,0,0,0,0,0,0,2695.0
imagenet_googlenet_async_use_fp16,2,0,0,0,0,0,0,2694.9375
imagenet_googlenet_async_winograd,1,0,0,0,0,0,0,0
imagenet_googlenet_async_winograd,2,0,0,0,0,0,0,0
imagenet_googlenet_async_xla,1,0,0,0,0,0,0,0
imagenet_googlenet_async_xla,2,0,0,0,0,0,0,0
imagenet_googlenet_sync_batch128,1,0,0,0,0,0,0,0
imagenet_googlenet_sync_batch128,2,0,0,0,0,0,0,0
imagenet_googlenet_sync_batch256,1,0,0,0,0,0,0,0
imagenet_googlenet_sync_batch256,2,0,0,0,0,0,0,0
imagenet_googlenet_sync_batch32,1,0,0,0,0,0,0,0
imagenet_googlenet_sync_batch32,2,0,0,0,0,0,0,0
imagenet_googlenet_sync_batch512,1,0,0,0,0,0,0,0
imagenet_googlenet_sync_batch512,2,0,0,0,0,0,0,0
imagenet_googlenet_sync_batch64,1,0,0,0,0,0,0,0
imagenet_googlenet_sync_batch64,2,0,0,0,0,0,0,0
imagenet_googlenet_sync_dataFormat,1,0,0,0,0,0,0,4743.0
imagenet_googlenet_sync_dataFormat,2,0,0,0,0,0,0,4742.9375
imagenet_googlenet_sync_optMomentum,1,0,0,0,0,0,0,0
imagenet_googlenet_sync_optMomentum,2,0,0,0,0,0,0,0
imagenet_googlenet_sync_optRmsprop,1,0,0,0,0,0,0,4743.0
imagenet_googlenet_sync_optRmsprop,2,0,0,0,0,0,0,4742.9375
imagenet_googlenet_sync_use_fp16,1,0,0,0,0,0,0,0
imagenet_googlenet_sync_use_fp16,2,0,0,0,0,0,0,0
imagenet_googlenet_sync_winograd,1,0,0,0,0,0,0,4743.0
imagenet_googlenet_sync_winograd,2,0,0,0,0,0,0,4742.9375
imagenet_googlenet_sync_xla,1,0,0,0,0,0,0,0
imagenet_googlenet_sync_xla,2,0,0,0,0,0,0,0
imagenet_inception3_async_batch128,1,0,0,0,0,0,0,0
imagenet_inception3_async_batch128,2,0,0,0,0,0,0,0
imagenet_inception3_async_batch256,1,0,0,0,0,0,0,0
imagenet_inception3_async_batch256,2,0,0,0,0,0,0,0
imagenet_inception3_async_batch32,1,0,0,0,0,0,0,0
imagenet_inception3_async_batch32,2,0,0,0,0,0,0,0
imagenet_inception3_async_batch64,1,0,0,0,0,0,0,0
imagenet_inception3_async_batch64,2,0,0,0,0,0,0,0
imagenet_inception3_async_dataFormat,1,0,0,0,0,0,0,0
imagenet_inception3_async_dataFormat,2,0,0,0,0,0,0,0
imagenet_inception3_async_optMomentum,1,0,0,0,0,0,0,0
imagenet_inception3_async_optMomentum,2,0,0,0,0,0,0,0
imagenet_inception3_async_optRmsprop,1,0,0,0,0,0,0,8839.0
imagenet_inception3_async_optRmsprop,2,0,0,0,0,0,0,8838.9375
imagenet_inception3_async_use_fp16,1,0,0,0,0,0,0,0
imagenet_inception3_async_use_fp16,2,0,0,0,0,0,0,0
imagenet_inception3_async_winograd,1,0,0,0,0,0,0,0
imagenet_inception3_async_winograd,2,0,0,0,0,0,0,0
imagenet_inception3_async_xla,1,0,0,0,0,0,0,0
imagenet_inception3_async_xla,2,0,0,0,0,0,0,0
imagenet_inception3_sync_batch128,1,0,0,0,0,0,0,0
imagenet_inception3_sync_batch128,2,0,0,0,0,0,0,0
imagenet_inception3_sync_batch256,1,0,0,0,0,0,0,0
imagenet_inception3_sync_batch256,2,0,0,0,0,0,0,0
imagenet_inception3_sync_batch32,1,0,0,0,0,0,0,0
imagenet_inception3_sync_batch32,2,0,0,0,0,0,0,0
imagenet_inception3_sync_batch64,1,0,0,0,0,0,0,0
imagenet_inception3_sync_batch64,2,0,0,0,0,0,0,0
imagenet_inception3_sync_dataFormat,1,0,0,0,0,0,0,0
imagenet_inception3_sync_dataFormat,2,0,0,0,0,0,0,0
imagenet_inception3_sync_optMomentum,1,0,0,0,0,0,0,0
imagenet_inception3_sync_optMomentum,2,0,0,0,0,0,0,0
imagenet_inception3_sync_optRmsprop,1,0,0,0,0,0,0,0
imagenet_inception3_sync_optRmsprop,2,0,0,0,0,0,0,0
imagenet_inception3_sync_use_fp16,1,0,0,0,0,0,0,0
imagenet_inception3_sync_use_fp16,2,0,0,0,0,0,0,0
imagenet_inception3_sync_winograd,1,0,0,0,0,0,0,0
imagenet_inception3_sync_winograd,2,0,0,0,0,0,0,0
imagenet_inception3_sync_xla,1,0,0,0,0,0,0,0
imagenet_inception3_sync_xla,2,0,0,0,0,0,0,0
imagenet_inception4_async_batch128,1,0,0,0,0,0,0,0
imagenet_inception4_async_batch128,2,0,0,0,0,0,0,0
imagenet_inception4_async_batch32,1,0,0,0,0,0,0,0
imagenet_inception4_async_batch32,2,0,0,0,0,0,0,0
imagenet_inception4_async_batch64,1,0,0,0,0,0,0,0
imagenet_inception4_async_batch64,2,0,0,0,0,0,0,0
imagenet_inception4_async_dataFormat,1,0,0,0,0,0,0,0
imagenet_inception4_async_dataFormat,2,0,0,0,0,0,0,0
imagenet_inception4_async_optMomentum,1,0,0,0,0,0,0,0
imagenet_inception4_async_optMomentum,2,0,0,0,0,0,0,0
imagenet_inception4_async_optRmsprop,1,0,0,0,0,0,0,0
imagenet_inception4_async_optRmsprop,2,0,0,0,0,0,0,0
imagenet_inception4_async_use_fp16,1,0,0,0,0,0,0,8839.0
imagenet_inception4_async_use_fp16,2,0,0,0,0,0,0,8838.9375
imagenet_inception4_async_winograd,1,0,0,0,0,0,0,0
imagenet_inception4_async_winograd,2,0,0,0,0,0,0,0
imagenet_inception4_async_xla,1,0,0,0,0,0,0,0
imagenet_inception4_async_xla,2,0,0,0,0,0,0,0
imagenet_inception4_sync_batch128,1,0,0,0,0,0,0,0
imagenet_inception4_sync_batch128,2,0,0,0,0,0,0,0
imagenet_inception4_sync_batch32,1,0,0,0,0,0,0,8839.0
imagenet_inception4_sync_batch32,2,0,0,0,0,0,0,8838.9375
imagenet_inception4_sync_batch64,1,0,0,0,0,0,0,0
imagenet_inception4_sync_batch64,2,0,0,0,0,0,0,0
imagenet_inception4_sync_dataFormat,1,0,0,0,0,0,0,0
imagenet_inception4_sync_dataFormat,2,0,0,0,0,0,0,0
imagenet_inception4_sync_optMomentum,1,0,0,0,0,0,0,0
imagenet_inception4_sync_optMomentum,2,0,0,0,0,0,0,0
imagenet_inception4_sync_optRmsprop,1,0,0,0,0,0,0,0
imagenet_inception4_sync_optRmsprop,2,0,0,0,0,0,0,0
imagenet_inception4_sync_use_fp16,1,0,0,0,0,0,0,0
imagenet_inception4_sync_use_fp16,2,0,0,0,0,0,0,0
imagenet_inception4_sync_winograd,1,0,0,0,0,0,0,0
imagenet_inception4_sync_winograd,2,0,0,0,0,0,0,0
imagenet_inception4_sync_xla,1,0,0,0,0,0,0,0
imagenet_inception4_sync_xla,2,0,0,0,0,0,0,0
imagenet_overfeat_async_batch128,1,0,0,0,0,0,0,0
imagenet_overfeat_async_batch128,2,0,0,0,0,0,0,0
imagenet_overfeat_async_batch256,1,0,0,0,0,0,0,0
imagenet_overfeat_async_batch256,2,0,0,0,0,0,0,0
imagenet_overfeat_async_batch32,1,0,0,0,0,0,0,8841.0
imagenet_overfeat_async_batch32,2,0,0,0,0,0,0,8840.9375
imagenet_overfeat_async_batch512,1,0,0,0,0,0,0,0
imagenet_overfeat_async_batch512,2,0,0,0,0,0,0,0
imagenet_overfeat_async_batch64,1,0,0,0,0,0,0,0
imagenet_overfeat_async_batch64,2,0,0,0,0,0,0,0
imagenet_overfeat_async_dataFormat,1,0,0,0,0,0,0,8841.0
imagenet_overfeat_async_dataFormat,2,0,0,0,0,0,0,8840.9375
imagenet_overfeat_async_optMomentum,1,0,0,0,0,0,0,0
imagenet_overfeat_async_optMomentum,2,0,0,0,0,0,0,0
imagenet_overfeat_async_optRmsprop,1,0,0,0,0,0,0,0
imagenet_overfeat_async_optRmsprop,2,0,0,0,0,0,0,0
imagenet_overfeat_async_use_fp16,1,0,0,0,0,0,0,0
imagenet_overfeat_async_use_fp16,2,0,0,0,0,0,0,0
imagenet_overfeat_async_winograd,1,0,0,0,0,0,0,0
imagenet_overfeat_async_winograd,2,0,0,0,0,0,0,0
imagenet_overfeat_async_xla,1,0,0,0,0,0,0,8841.0
imagenet_overfeat_async_xla,2,0,0,0,0,0,0,8840.9375
imagenet_overfeat_sync_batch128,1,0,0,0,0,0,0,0
imagenet_overfeat_sync_batch128,2,0,0,0,0,0,0,0
imagenet_overfeat_sync_batch256,1,0,0,0,0,0,0,0
imagenet_overfeat_sync_batch256,2,0,0,0,0,0,0,0
imagenet_overfeat_sync_batch32,1,0,0,0,0,0,0,8841.0
imagenet_overfeat_sync_batch32,2,0,0,0,0,0,0,8840.9375
imagenet_overfeat_sync_batch512,1,0,0,0,0,0,0,0
imagenet_overfeat_sync_batch512,2,0,0,0,0,0,0,0
imagenet_overfeat_sync_batch64,1,0,0,0,0,0,0,0
imagenet_overfeat_sync_batch64,2,0,0,0,0,0,0,0
imagenet_overfeat_sync_dataFormat,1,0,0,0,0,0,0,0
imagenet_overfeat_sync_dataFormat,2,0,0,0,0,0,0,0
imagenet_overfeat_sync_optMomentum,1,0,0,0,0,0,0,0
imagenet_overfeat_sync_optMomentum,2,0,0,0,0,0,0,0
imagenet_overfeat_sync_optRmsprop,1,0,0,0,0,0,0,0
imagenet_overfeat_sync_optRmsprop,2,0,0,0,0,0,0,0
imagenet_overfeat_sync_use_fp16,1,0,0,0,0,0,0,8841.0
imagenet_overfeat_sync_use_fp16,2,0,0,0,0,0,0,8840.9375
imagenet_overfeat_sync_winograd,1,0,0,0,0,0,0,0
imagenet_overfeat_sync_winograd,2,0,0,0,0,0,0,0
imagenet_overfeat_sync_xla,1,0,0,0,0,0,0,0
imagenet_overfeat_sync_xla,2,0,0,0,0,0,0,0
imagenet_resnet101_async_batch128,1,0,0,0,0,0,0,0
imagenet_resnet101_async_batch128,2,0,0,0,0,0,0,0
imagenet_resnet101_async_batch32,1,0,0,0,0,0,0,0
imagenet_resnet101_async_batch32,2,0,0,0,0,0,0,0
imagenet_resnet101_async_batch64,1,0,0,0,0,0,0,17031.0
imagenet_resnet101_async_batch64,2,0,0,0,0,0,0,17030.9375
imagenet_resnet101_async_dataFormat,1,0,0,0,0,0,0,17031.0
imagenet_resnet101_async_dataFormat,2,0,0,0,0,0,0,17030.9375
imagenet_resnet101_async_optMomentum,1,0,0,0,0,0,0,17031.0
imagenet_resnet101_async_optMomentum,2,0,0,0,0,0,0,17030.9375
imagenet_resnet101_async_optRmsprop,1,0,0,0,0,0,0,0
imagenet_resnet101_async_optRmsprop,2,0,0,0,0,0,0,0
imagenet_resnet101_async_use_fp16,1,0,0,0,0,0,0,0
imagenet_resnet101_async_use_fp16,2,0,0,0,0,0,0,0
imagenet_resnet101_async_winograd,1,0,0,0,0,0,0,0
imagenet_resnet101_async_winograd,2,0,0,0,0,0,0,0
imagenet_resnet101_async_xla,1,0,0,0,0,0,0,0
imagenet_resnet101_async_xla,2,0,0,0,0,0,0,0
imagenet_resnet101_sync_batch128,1,0,0,0,0,0,0,0
imagenet_resnet101_sync_batch128,2,0,0,0,0,0,0,0
imagenet_resnet101_sync_batch32,1,0,0,0,0,0,0,0
imagenet_resnet101_sync_batch32,2,0,0,0,0,0,0,0
imagenet_resnet101_sync_batch64,1,0,0,0,0,0,0,0
imagenet_resnet101_sync_batch64,2,0,0,0,0,0,0,0
imagenet_resnet101_sync_dataFormat,1,0,0,0,0,0,0,17031.0
imagenet_resnet101_sync_dataFormat,2,0,0,0,0,0,0,17030.9375
imagenet_resnet101_sync_optMomentum,1,0,0,0,0,0,0,0
imagenet_resnet101_sync_optMomentum,2,0,0,0,0,0,0,0
imagenet_resnet101_sync_optRmsprop,1,0,0,0,0,0,0,0
imagenet_resnet101_sync_optRmsprop,2,0,0,0,0,0,0,0
imagenet_resnet101_sync_use_fp16,1,0,0,0,0,0,0,8839.0
imagenet_resnet101_sync_use_fp16,2,0,0,0,0,0,0,8838.9375
imagenet_resnet101_sync_winograd,1,0,0,0,0,0,0,0
imagenet_resnet101_sync_winograd,2,0,0,0,0,0,0,0
imagenet_resnet101_sync_xla,1,0,0,0,0,0,0,0
imagenet_resnet101_sync_xla,2,0,0,0,0,0,0,0
imagenet_resnet101_v2_async_batch128,1,0,0,0,0,0,0,0
imagenet_resnet101_v2_async_batch128,2,0,0,0,0,0,0,0
imagenet_resnet101_v2_async_batch32,1,0,0,0,0,0,0,0
imagenet_resnet101_v2_async_batch32,2,0,0,0,0,0,0,0
imagenet_resnet101_v2_async_batch64,1,0,0,0,0,0,0,0
imagenet_resnet101_v2_async_batch64,2,0,0,0,0,0,0,0
imagenet_resnet101_v2_async_dataFormat,1,0,0,0,0,0,0,0
imagenet_resnet101_v2_async_dataFormat,2,0,0,0,0,0,0,0
imagenet_resnet101_v2_async_optMomentum,1,0,0,0,0,0,0,0
imagenet_resnet101_v2_async_optMomentum,2,0,0,0,0,0,0,0
imagenet_resnet101_v2_async_optRmsprop,1,0,0,0,0,0,0,17031.0
imagenet_resnet101_v2_async_optRmsprop,2,0,0,0,0,0,0,17030.9375
imagenet_resnet101_v2_async_use_fp16,1,0,0,0,0,0,0,0
imagenet_resnet101_v2_async_use_fp16,2,0,0,0,0,0,0,0
imagenet_resnet101_v2_async_winograd,1,0,0,0,0,0,0,0
imagenet_resnet101_v2_async_winograd,2,0,0,0,0,0,0,0
imagenet_resnet101_v2_async_xla,1,0,0,0,0,0,0,0
imagenet_resnet101_v2_async_xla,2,0,0,0,0,0,0,0
imagenet_resnet101_v2_sync_batch128,1,0,0,0,0,0,0,0
imagenet_resnet101_v2_sync_batch128,2,0,0,0,0,0,0,0
imagenet_resnet101_v2_sync_batch32,1,0,0,0,0,0,0,0
imagenet_resnet101_v2_sync_batch32,2,0,0,0,0,0,0,0
imagenet_resnet101_v2_sync_batch64,1,0,0,0,0,0,0,0
imagenet_resnet101_v2_sync_batch64,2,0,0,0,0,0,0,0
imagenet_resnet101_v2_sync_dataFormat,1,0,0,0,0,0,0,0
imagenet_resnet101_v2_sync_dataFormat,2,0,0,0,0,0,0,0
imagenet_resnet101_v2_sync_optMomentum,1,0,0,0,0,0,0,0
imagenet_resnet101_v2_sync_optMomentum,2,0,0,0,0,0,0,0
imagenet_resnet101_v2_sync_optRmsprop,1,0,0,0,0,0,0,0
imagenet_resnet101_v2_sync_optRmsprop,2,0,0,0,0,0,0,0
imagenet_resnet101_v2_sync_use_fp16,1,0,0,0,0,0,0,8839.0
imagenet_resnet101_v2_sync_use_fp16,2,0,0,0,0,0,0,8838.9375
imagenet_resnet101_v2_sync_winograd,1,0,0,0,0,0,0,0
imagenet_resnet101_v2_sync_winograd,2,0,0,0,0,0,0,0
imagenet_resnet101_v2_sync_xla,1,0,0,0,0,0,0,0
imagenet_resnet101_v2_sync_xla,2,0,0,0,0,0,0,0
imagenet_resnet152_async_batch128,1,0,0,0,0,0,0,0
imagenet_resnet152_async_batch128,2,0,0,0,0,0,0,0
imagenet_resnet152_async_batch32,1,0,0,0,0,0,0,0
imagenet_resnet152_async_batch32,2,0,0,0,0,0,0,0
imagenet_resnet152_async_batch64,1,0,0,0,0,0,0,0
imagenet_resnet152_async_batch64,2,0,0,0,0,0,0,0
imagenet_resnet152_async_dataFormat,1,0,0,0,0,0,0,0
imagenet_resnet152_async_dataFormat,2,0,0,0,0,0,0,0
imagenet_resnet152_async_optMomentum,1,0,0,0,0,0,0,17031.0
imagenet_resnet152_async_optMomentum,2,0,0,0,0,0,0,17030.9375
imagenet_resnet152_async_optRmsprop,1,0,0,0,0,0,0,0
imagenet_resnet152_async_optRmsprop,2,0,0,0,0,0,0,0
imagenet_resnet152_async_use_fp16,1,0,0,0,0,0,0,0
imagenet_resnet152_async_use_fp16,2,0,0,0,0,0,0,0
imagenet_resnet152_async_winograd,1,0,0,0,0,0,0,0
imagenet_resnet152_async_winograd,2,0,0,0,0,0,0,0
imagenet_resnet152_async_xla,1,0,0,0,0,0,0,0
imagenet_resnet152_async_xla,2,0,0,0,0,0,0,0
imagenet_resnet152_sync_batch128,1,0,0,0,0,0,0,0
imagenet_resnet152_sync_batch128,2,0,0,0,0,0,0,0
imagenet_resnet152_sync_batch32,1,0,0,0,0,0,0,0
imagenet_resnet152_sync_batch32,2,0,0,0,0,0,0,0
imagenet_resnet152_sync_batch64,1,0,0,0,0,0,0,0
imagenet_resnet152_sync_batch64,2,0,0,0,0,0,0,0
imagenet_resnet152_sync_dataFormat,1,0,0,0,0,0,0,0
imagenet_resnet152_sync_dataFormat,2,0,0,0,0,0,0,0
imagenet_resnet152_sync_optMomentum,1,0,0,0,0,0,0,0
imagenet_resnet152_sync_optMomentum,2,0,0,0,0,0,0,0
imagenet_resnet152_sync_optRmsprop,1,0,0,0,0,0,0,0
imagenet_resnet152_sync_optRmsprop,2,0,0,0,0,0,0,0
imagenet_resnet152_sync_use_fp16,1,0,0,0,0,0,0,0
imagenet_resnet152_sync_use_fp16,2,0,0,0,0,0,0,0
imagenet_resnet152_sync_winograd,1,0,0,0,0,0,0,17031.0
imagenet_resnet152_sync_winograd,2,0,0,0,0,0,0,17030.9375
imagenet_resnet152_sync_xla,1,0,0,0,0,0,0,0
imagenet_resnet152_sync_xla,2,0,0,0,0,0,0,0
imagenet_resnet152_v2_async_batch128,1,0,0,0,0,0,0,0
imagenet_resnet152_v2_async_batch128,2,0,0,0,0,0,0,0
imagenet_resnet152_v2_async_batch32,1,0,0,0,0,0,0,0
imagenet_resnet152_v2_async_batch32,2,0,0,0,0,0,0,0
imagenet_resnet152_v2_async_batch64,1,0,0,0,0,0,0,0
imagenet_resnet152_v2_async_batch64,2,0,0,0,0,0,0,0
imagenet_resnet152_v2_async_dataFormat,1,0,0,0,0,0,0,0
imagenet_resnet152_v2_async_dataFormat,2,0,0,0,0,0,0,0
imagenet_resnet152_v2_async_optMomentum,1,0,0,0,0,0,0,17031.0
imagenet_resnet152_v2_async_optMomentum,2,0,0,0,0,0,0,17030.9375
imagenet_resnet152_v2_async_optRmsprop,1,0,0,0,0,0,0,0
imagenet_resnet152_v2_async_optRmsprop,2,0,0,0,0,0,0,0
imagenet_resnet152_v2_async_use_fp16,1,0,0,0,0,0,0,0
imagenet_resnet152_v2_async_use_fp16,2,0,0,0,0,0,0,0
imagenet_resnet152_v2_async_winograd,1,0,0,0,0,0,0,0
imagenet_resnet152_v2_async_winograd,2,0,0,0,0,0,0,0
imagenet_resnet152_v2_async_xla,1,0,0,0,0,0,0,0
imagenet_resnet152_v2_async_xla,2,0,0,0,0,0,0,0
imagenet_resnet152_v2_sync_batch128,1,0,0,0,0,0,0,0
imagenet_resnet152_v2_sync_batch128,2,0,0,0,0,0,0,0
imagenet_resnet152_v2_sync_batch32,1,0,0,0,0,0,0,8839.0
imagenet_resnet152_v2_sync_batch32,2,0,0,0,0,0,0,8838.9375
imagenet_resnet152_v2_sync_batch64,1,0,0,0,0,0,0,0
imagenet_resnet152_v2_sync_batch64,2,0,0,0,0,0,0,0
imagenet_resnet152_v2_sync_dataFormat,1,0,0,0,0,0,0,0
imagenet_resnet152_v2_sync_dataFormat,2,0,0,0,0,0,0,0
imagenet_resnet152_v2_sync_optMomentum,1,0,0,0,0,0,0,0
imagenet_resnet152_v2_sync_optMomentum,2,0,0,0,0,0,0,0
imagenet_resnet152_v2_sync_optRmsprop,1,0,0,0,0,0,0,0
imagenet_resnet152_v2_sync_optRmsprop,2,0,0,0,0,0,0,0
imagenet_resnet152_v2_sync_use_fp16,1,0,0,0,0,0,0,0
imagenet_resnet152_v2_sync_use_fp16,2,0,0,0,0,0,0,0
imagenet_resnet152_v2_sync_winograd,1,0,0,0,0,0,0,0
imagenet_resnet152_v2_sync_winograd,2,0,0,0,0,0,0,0
imagenet_resnet152_v2_sync_xla,1,0,0,0,0,0,0,17031.0
imagenet_resnet152_v2_sync_xla,2,0,0,0,0,0,0,17030.9375
imagenet_resnet50_async_batch128,1,0,0,0,0,0,0,0
imagenet_resnet50_async_batch128,2,0,0,0,0,0,0,0
imagenet_resnet50_async_batch256,1,0,0,0,0,0,0,0
imagenet_resnet50_async_batch256,2,0,0,0,0,0,0,0
imagenet_resnet50_async_batch32,1,0,0,0,0,0,0,0
imagenet_resnet50_async_batch32,2,0,0,0,0,0,0,0
imagenet_resnet50_async_batch64,1,0,0,0,0,0,0,0
imagenet_resnet50_async_batch64,2,0,0,0,0,0,0,0
imagenet_resnet50_async_dataFormat,1,0,0,0,0,0,0,0
imagenet_resnet50_async_dataFormat,2,0,0,0,0,0,0,0
imagenet_resnet50_async_optMomentum,1,0,0,0,0,0,0,0
imagenet_resnet50_async_optMomentum,2,0,0,0,0,0,0,0
imagenet_resnet50_async_optRmsprop,1,0,0,0,0,0,0,0
imagenet_resnet50_async_optRmsprop,2,0,0,0,0,0,0,0
imagenet_resnet50_async_use_fp16,1,0,0,0,0,0,0,0
imagenet_resnet50_async_use_fp16,2,0,0,0,0,0,0,0
imagenet_resnet50_async_winograd,1,0,0,0,0,0,0,0
imagenet_resnet50_async_winograd,2,0,0,0,0,0,0,0
imagenet_resnet50_async_xla,1,0,0,0,0,0,0,0
imagenet_resnet50_async_xla,2,0,0,0,0,0,0,0
imagenet_resnet50_sync_batch128,1,0,0,0,0,0,0,17031.0
imagenet_resnet50_sync_batch128,2,0,0,0,0,0,0,17030.9375
imagenet_resnet50_sync_batch256,1,0,0,0,0,0,0,0
imagenet_resnet50_sync_batch256,2,0,0,0,0,0,0,0
imagenet_resnet50_sync_batch32,1,0,0,0,0,0,0,0
imagenet_resnet50_sync_batch32,2,0,0,0,0,0,0,0
imagenet_resnet50_sync_batch64,1,0,0,0,0,0,0,0
imagenet_resnet50_sync_batch64,2,0,0,0,0,0,0,0
imagenet_resnet50_sync_dataFormat,1,0,0,0,0,0,0,0
imagenet_resnet50_sync_dataFormat,2,0,0,0,0,0,0,0
imagenet_resnet50_sync_optMomentum,1,0,0,0,0,0,0,0
imagenet_resnet50_sync_optMomentum,2,0,0,0,0,0,0,0
imagenet_resnet50_sync_optRmsprop,1,0,0,0,0,0,0,0
imagenet_resnet50_sync_optRmsprop,2,0,0,0,0,0,0,0
imagenet_resnet50_sync_use_fp16,1,0,0,0,0,0,0,0
imagenet_resnet50_sync_use_fp16,2,0,0,0,0,0,0,0
imagenet_resnet50_sync_winograd,1,0,0,0,0,0,0,0
imagenet_resnet50_sync_winograd,2,0,0,0,0,0,0,0
imagenet_resnet50_sync_xla,1,0,0,0,0,0,0,0
imagenet_resnet50_sync_xla,2,0,0,0,0,0,0,0
imagenet_resnet50_v2_async_batch128,1,0,0,0,0,0,0,0
imagenet_resnet50_v2_async_batch128,2,0,0,0,0,0,0,0
imagenet_resnet50_v2_async_batch256,1,0,0,0,0,0,0,0
imagenet_resnet50_v2_async_batch256,2,0,0,0,0,0,0,0
imagenet_resnet50_v2_async_batch32,1,0,0,0,0,0,0,0
imagenet_resnet50_v2_async_batch32,2,0,0,0,0,0,0,0
imagenet_resnet50_v2_async_batch64,1,0,0,0,0,0,0,0
imagenet_resnet50_v2_async_batch64,2,0,0,0,0,0,0,0
imagenet_resnet50_v2_async_dataFormat,1,0,0,0,0,0,0,0
imagenet_resnet50_v2_async_dataFormat,2,0,0,0,0,0,0,0
imagenet_resnet50_v2_async_optMomentum,1,0,0,0,0,0,0,0
imagenet_resnet50_v2_async_optMomentum,2,0,0,0,0,0,0,0
imagenet_resnet50_v2_async_optRmsprop,1,0,0,0,0,0,0,0
imagenet_resnet50_v2_async_optRmsprop,2,0,0,0,0,0,0,0
imagenet_resnet50_v2_async_use_fp16,1,0,0,0,0,0,0,0
imagenet_resnet50_v2_async_use_fp16,2,0,0,0,0,0,0,0
imagenet_resnet50_v2_async_winograd,1,0,0,0,0,0,0,0
imagenet_resnet50_v2_async_winograd,2,0,0,0,0,0,0,0
imagenet_resnet50_v2_async_xla,1,0,0,0,0,0,0,0
imagenet_resnet50_v2_async_xla,2,0,0,0,0,0,0,0
imagenet_resnet50_v2_sync_batch128,1,0,0,0,0,0,0,0
imagenet_resnet50_v2_sync_batch128,2,0,0,0,0,0,0,0
imagenet_resnet50_v2_sync_batch256,1,0,0,0,0,0,0,0
imagenet_resnet50_v2_sync_batch256,2,0,0,0,0,0,0,0
imagenet_resnet50_v2_sync_batch32,1,0,0,0,0,0,0,4743.0
imagenet_resnet50_v2_sync_batch32,2,0,0,0,0,0,0,4742.9375
imagenet_resnet50_v2_sync_batch64,1,0,0,0,0,0,0,0
imagenet_resnet50_v2_sync_batch64,2,0,0,0,0,0,0,0
imagenet_resnet50_v2_sync_dataFormat,1,0,0,0,0,0,0,0
imagenet_resnet50_v2_sync_dataFormat,2,0,0,0,0,0,0,0
imagenet_resnet50_v2_sync_optMomentum,1,0,0,0,0,0,0,0
imagenet_resnet50_v2_sync_optMomentum,2,0,0,0,0,0,0,0
imagenet_resnet50_v2_sync_optRmsprop,1,0,0,0,0,0,0,0
imagenet_resnet50_v2_sync_optRmsprop,2,0,0,0,0,0,0,0
imagenet_resnet50_v2_sync_use_fp16,1,0,0,0,0,0,0,0
imagenet_resnet50_v2_sync_use_fp16,2,0,0,0,0,0,0,0
imagenet_resnet50_v2_sync_winograd,1,0,0,0,0,0,0,0
imagenet_resnet50_v2_sync_winograd,2,0,0,0,0,0,0,0
imagenet_resnet50_v2_sync_xla,1,0,0,0,0,0,0,0
imagenet_resnet50_v2_sync_xla,2,0,0,0,0,0,0,0
imagenet_vgg11_async_batch128,1,0,0,0,0,0,0,0
imagenet_vgg11_async_batch128,2,0,0,0,0,0,0,0
imagenet_vgg11_async_batch256,1,0,0,0,0,0,0,0
imagenet_vgg11_async_batch256,2,0,0,0,0,0,0,0
imagenet_vgg11_async_batch32,1,0,0,0,0,0,0,0
imagenet_vgg11_async_batch32,2,0,0,0,0,0,0,0
imagenet_vgg11_async_batch64,1,0,0,0,0,0,0,0
imagenet_vgg11_async_batch64,2,0,0,0,0,0,0,0
imagenet_vgg11_async_dataFormat,1,0,0,0,0,0,0,0
imagenet_vgg11_async_dataFormat,2,0,0,0,0,0,0,0
imagenet_vgg11_async_optMomentum,1,0,0,0,0,0,0,0
imagenet_vgg11_async_optMomentum,2,0,0,0,0,0,0,0
imagenet_vgg11_async_optRmsprop,1,0,0,0,0,0,0,0
imagenet_vgg11_async_optRmsprop,2,0,0,0,0,0,0,0
imagenet_vgg11_async_use_fp16,1,0,0,0,0,0,0,0
imagenet_vgg11_async_use_fp16,2,0,0,0,0,0,0,0
imagenet_vgg11_async_winograd,1,0,0,0,0,0,0,0
imagenet_vgg11_async_winograd,2,0,0,0,0,0,0,0
imagenet_vgg11_async_xla,1,0,0,0,0,0,0,0
imagenet_vgg11_async_xla,2,0,0,0,0,0,0,0
imagenet_vgg11_sync_batch128,1,0,0,0,0,0,0,0
imagenet_vgg11_sync_batch128,2,0,0,0,0,0,0,0
imagenet_vgg11_sync_batch256,1,0,0,0,0,0,0,0
imagenet_vgg11_sync_batch256,2,0,0,0,0,0,0,0
imagenet_vgg11_sync_batch32,1,0,0,0,0,0,0,0
imagenet_vgg11_sync_batch32,2,0,0,0,0,0,0,0
imagenet_vgg11_sync_batch64,1,0,0,0,0,0,0,0
imagenet_vgg11_sync_batch64,2,0,0,0,0,0,0,0
imagenet_vgg11_sync_dataFormat,1,0,0,0,0,0,0,0
imagenet_vgg11_sync_dataFormat,2,0,0,0,0,0,0,0
imagenet_vgg11_sync_optMomentum,1,0,0,0,0,0,0,0
imagenet_vgg11_sync_optMomentum,2,0,0,0,0,0,0,0
imagenet_vgg11_sync_optRmsprop,1,0,0,0,0,0,0,8969.0
imagenet_vgg11_sync_optRmsprop,2,0,0,0,0,0,0,8966.9375
imagenet_vgg11_sync_use_fp16,1,0,0,0,0,0,0,0
imagenet_vgg11_sync_use_fp16,2,0,0,0,0,0,0,0
imagenet_vgg11_sync_winograd,1,0,0,0,0,0,0,0
imagenet_vgg11_sync_winograd,2,0,0,0,0,0,0,0
imagenet_vgg11_sync_xla,1,0,0,0,0,0,0,0
imagenet_vgg11_sync_xla,2,0,0,0,0,0,0,0
imagenet_vgg16_async_batch128,1,0,0,0,0,0,0,0
imagenet_vgg16_async_batch128,2,0,0,0,0,0,0,0
imagenet_vgg16_async_batch256,1,0,0,0,0,0,0,0
imagenet_vgg16_async_batch256,2,0,0,0,0,0,0,0
imagenet_vgg16_async_batch32,1,0,0,0,0,0,0,0
imagenet_vgg16_async_batch32,2,0,0,0,0,0,0,0
imagenet_vgg16_async_batch64,1,0,0,0,0,0,0,0
imagenet_vgg16_async_batch64,2,0,0,0,0,0,0,0
imagenet_vgg16_async_dataFormat,1,0,0,0,0,0,0,0
imagenet_vgg16_async_dataFormat,2,0,0,0,0,0,0,0
imagenet_vgg16_async_optMomentum,1,0,0,0,0,0,0,0
imagenet_vgg16_async_optMomentum,2,0,0,0,0,0,0,0
imagenet_vgg16_async_optRmsprop,1,0,0,0,0,0,0,0
imagenet_vgg16_async_optRmsprop,2,0,0,0,0,0,0,0
imagenet_vgg16_async_use_fp16,1,0,0,0,0,0,0,0
imagenet_vgg16_async_use_fp16,2,0,0,0,0,0,0,0
imagenet_vgg16_async_winograd,1,0,0,0,0,0,0,0
imagenet_vgg16_async_winograd,2,0,0,0,0,0,0,0
imagenet_vgg16_async_xla,1,0,0,0,0,0,0,17289.0
imagenet_vgg16_async_xla,2,0,0,0,0,0,0,17160.9375
imagenet_vgg16_sync_batch128,1,0,0,0,0,0,0,0
imagenet_vgg16_sync_batch128,2,0,0,0,0,0,0,0
imagenet_vgg16_sync_batch256,1,0,0,0,0,0,0,0
imagenet_vgg16_sync_batch256,2,0,0,0,0,0,0,0
imagenet_vgg16_sync_batch32,1,0,0,0,0,0,0,8905.0
imagenet_vgg16_sync_batch32,2,0,0,0,0,0,0,9096.9375
imagenet_vgg16_sync_batch64,1,0,0,0,0,0,0,0
imagenet_vgg16_sync_batch64,2,0,0,0,0,0,0,0
imagenet_vgg16_sync_dataFormat,1,0,0,0,0,0,0,0
imagenet_vgg16_sync_dataFormat,2,0,0,0,0,0,0,0
imagenet_vgg16_sync_optMomentum,1,0,0,0,0,0,0,0
imagenet_vgg16_sync_optMomentum,2,0,0,0,0,0,0,0
imagenet_vgg16_sync_optRmsprop,1,0,0,0,0,0,0,0
imagenet_vgg16_sync_optRmsprop,2,0,0,0,0,0,0,0
imagenet_vgg16_sync_use_fp16,1,0,0,0,0,0,0,0
imagenet_vgg16_sync_use_fp16,2,0,0,0,0,0,0,0
imagenet_vgg16_sync_winograd,1,0,0,0,0,0,0,0
imagenet_vgg16_sync_winograd,2,0,0,0,0,0,0,0
imagenet_vgg16_sync_xla,1,0,0,0,0,0,0,17161.0
imagenet_vgg16_sync_xla,2,0,0,0,0,0,0,17288.9375
imagenet_vgg19_async_batch128,1,0,0,0,0,0,0,0
imagenet_vgg19_async_batch128,2,0,0,0,0,0,0,0
imagenet_vgg19_async_batch256,1,0,0,0,0,0,0,0
imagenet_vgg19_async_batch256,2,0,0,0,0,0,0,0
imagenet_vgg19_async_batch32,1,0,0,0,0,0,0,0
imagenet_vgg19_async_batch32,2,0,0,0,0,0,0,0
imagenet_vgg19_async_batch64,1,0,0,0,0,0,0,0
imagenet_vgg19_async_batch64,2,0,0,0,0,0,0,0
imagenet_vgg19_async_dataFormat,1,0,0,0,0,0,0,0
imagenet_vgg19_async_dataFormat,2,0,0,0,0,0,0,0
imagenet_vgg19_async_optMomentum,1,0,0,0,0,0,0,0
imagenet_vgg19_async_optMomentum,2,0,0,0,0,0,0,0
imagenet_vgg19_async_optRmsprop,1,0,0,0,0,0,0,0
imagenet_vgg19_async_optRmsprop,2,0,0,0,0,0,0,0
imagenet_vgg19_async_use_fp16,1,0,0,0,0,0,0,0
imagenet_vgg19_async_use_fp16,2,0,0,0,0,0,0,0
imagenet_vgg19_async_winograd,1,0,0,0,0,0,0,0
imagenet_vgg19_async_winograd,2,0,0,0,0,0,0,0
imagenet_vgg19_async_xla,1,0,0,0,0,0,0,0
imagenet_vgg19_async_xla,2,0,0,0,0,0,0,0
imagenet_vgg19_sync_batch128,1,0,0,0,0,0,0,0
imagenet_vgg19_sync_batch128,2,0,0,0,0,0,0,0
imagenet_vgg19_sync_batch256,1,0,0,0,0,0,0,0
imagenet_vgg19_sync_batch256,2,0,0,0,0,0,0,0
imagenet_vgg19_sync_batch32,1,0,0,0,0,0,0,0
imagenet_vgg19_sync_batch32,2,0,0,0,0,0,0,0
imagenet_vgg19_sync_batch64,1,0,0,0,0,0,0,0
imagenet_vgg19_sync_batch64,2,0,0,0,0,0,0,0
imagenet_vgg19_sync_dataFormat,1,0,0,0,0,0,0,0
imagenet_vgg19_sync_dataFormat,2,0,0,0,0,0,0,0
imagenet_vgg19_sync_optMomentum,1,0,0,0,0,0,0,0
imagenet_vgg19_sync_optMomentum,2,0,0,0,0,0,0,0
imagenet_vgg19_sync_optRmsprop,1,0,0,0,0,0,0,0
imagenet_vgg19_sync_optRmsprop,2,0,0,0,0,0,0,0
imagenet_vgg19_sync_use_fp16,1,0,0,0,0,0,0,10889.0
imagenet_vgg19_sync_use_fp16,2,0,0,0,0,0,0,11144.9375
imagenet_vgg19_sync_winograd,1,0,0,0,0,0,0,0
imagenet_vgg19_sync_winograd,2,0,0,0,0,0,0,0
imagenet_vgg19_sync_xla,1,0,0,0,0,0,0,0
imagenet_vgg19_sync_xla,2,0,0,0,0,0,0,0
